0.0,0.0,50.0
1.4373176200715583E-4,0.11988818207277806,50.0
5.749270480286233E-4,0.23977636414555611,50.0
0.0012935858580644028,0.3596645462183342,50.0
0.0022997081921144933,0.47955272829111223,50.0
0.0035932940501788965,0.5994409103638904,50.0
0.005174343432257611,0.7193290924366684,50.0
0.007042856338350637,0.8392172745094465,50.0
0.009198832768457973,0.9591054565822245,50.0
0.011642272722579623,1.0789936386550025,50.0
0.014373176200715586,1.1988818207277807,50.0
0.017391543202865855,1.3187700028005587,50.0
0.020697373729030445,1.4386581848733369,50.0
0.024290667779209338,1.5585463669461148,50.0
0.028171425353402547,1.678434549018893,50.0
0.03233964645161006,1.798322731091671,50.0
0.03679533107383189,1.918210913164449,50.0
0.04153847922006804,2.0380990952372273,50.0
0.04656909089031849,2.157987277310005,50.0
0.051887166084583256,2.2778754593827832,50.0
0.057492704802862345,2.3977636414555614,50.0
0.06338570704515574,2.5176518235283396,50.0
0.06956617281146342,2.6375400056011173,50.0
0.07603410210178543,2.7574281876738955,50.0
0.08278949491612178,2.8773163697466737,50.0
0.0898323512544724,2.997204551819452,50.0
0.09716267111683735,3.1170927338922296,50.0
0.1047804545032166,3.236980915965008,50.0
0.11268570141361019,3.356869098037786,50.0
0.12087841184801809,3.476757280110564,50.0
0.12935858580644025,3.596645462183342,50.0
0.1381262232888768,3.7165336442561205,50.0
0.14718132429532757,3.836421826328898,50.0
0.1565238888257927,3.9563100084016765,50.0
0.16615391688027217,4.076198190474455,50.0
0.1760714084587659,4.196086372547232,50.0
0.18627636356127397,4.31597455462001,50.0
0.19676878218779636,4.435862736692789,50.0
0.20754866433833302,4.5557509187655665,50.0
0.21861601001288408,4.675639100838345,50.0
0.22997081921144938,4.795527282911123,50.0
0.24161309193402897,4.915415464983901,50.0
0.25354282818062296,5.035303647056679,50.0
0.26576002795123116,5.155191829129457,50.0
0.2782646912458537,5.275080011202235,50.0
0.29105681806449063,5.394968193275013,50.0
0.30413640840714173,5.514856375347791,50.0
0.31750346227380727,5.63474455742057,50.0
0.3311579796644871,5.754632739493347,50.0
0.3450999605791812,5.874520921566125,50.0
0.3593294050178896,5.994409103638904,50.0
0.3738463129806124,6.1142972857116815,50.0
0.3886506844673494,6.234185467784459,50.0
0.4037425194781008,6.354073649857238,50.0
0.4191218180128664,6.473961831930016,50.0
0.4347885800716465,6.593850014002794,50.0
0.45074280565444075,6.713738196075572,50.0
0.4669844947612493,6.83362637814835,50.0
0.48351364739207237,6.953514560221128,50.0
0.5003302635469096,7.073402742293906,50.0
0.517434343225761,7.193290924366684,50.0
0.534825886428627,7.313179106439463,50.0
0.5525048931555072,7.433067288512241,50.0
0.5704713634064015,7.552955470585018,50.0
0.5887252971813103,7.672843652657796,50.0
0.6072666944802335,7.792731834730575,50.0
0.6260955553031708,7.912620016803353,50.0
0.6452118796501225,8.03250819887613,50.0
0.6646156675210887,8.15239638094891,50.0
0.684306918916069,8.272284563021687,50.0
0.7042856338350636,8.392172745094465,50.0
0.7245518122780727,8.512060927167244,50.0
0.7451054542450959,8.63194910924002,50.0
0.7659465597361333,8.751837291312798,50.0
0.7870751287511855,8.871725473385577,50.0
0.8084911612902517,8.991613655458355,50.0
0.8301946573533321,9.111501837531133,50.0
0.8521856169404272,9.231390019603912,50.0
0.8744640400515363,9.35127820167669,50.0
0.8970299266866597,9.471166383749468,50.0
0.9198832768457975,9.591054565822246,50.0
0.9430240905289495,9.710942747895023,50.0
0.9664523677361159,9.830830929967801,50.0
0.9901681084672969,9.95071911204058,50.0
1.0141713127224918,10.070607294113358,50.0
1.038461980501701,10.190495476186136,50.0
1.0630401118049246,10.310383658258914,50.0
1.0879057066321627,10.430271840331692,50.0
1.1130587649834147,10.55016002240447,50.0
1.1384992868586816,10.670048204477249,50.0
1.1642272722579625,10.789936386550027,50.0
1.1902427211812576,10.909824568622804,50.0
1.216545633628567,11.029712750695582,50.0
1.2431360095998911,11.149600932768362,50.0
1.270013849095229,11.26948911484114,50.0
1.2971791521145815,11.389377296913917,50.0
1.3246319186579485,11.509265478986695,50.0
1.3523721487253293,11.629153661059473,50.0
1.3803998423167247,11.74904184313225,50.0
1.4087149994321346,11.86893002520503,50.0
1.4373176200715585,11.988818207277808,50.0
1.4662077042349968,12.108706389350585,50.0
1.4953852519224495,12.228594571423363,50.0
1.5248502631339165,12.34848275349614,50.0
1.5546027378693976,12.468370935568919,50.0
1.5846426761288934,12.588259117641698,50.0
1.6149700779124032,12.708147299714476,50.0
1.6455849432199272,12.828035481787254,50.0
1.6764872720514656,12.947923663860031,50.0
1.7076770644070185,13.067811845932809,50.0
1.739154320286586,13.187700028005588,50.0
1.7709190396901675,13.307588210078366,50.0
1.802971222617763,13.427476392151144,50.0
1.835310869069373,13.547364574223922,50.0
1.8679379790449973,13.6672527562967,50.0
1.9008525525446358,13.787140938369477,50.0
1.9340545895682895,13.907029120442257,50.0
1.9675440901159567,14.026917302515034,50.0
2.0013210541876383,14.146805484587812,50.0
2.035385481783334,14.26669366666059,50.0
2.069737372903044,14.386581848733368,50.0
2.1043767275467684,14.506470030806145,50.0
2.139303545714508,14.626358212878927,50.0
2.174517827406261,14.746246394951704,50.0
2.210019572622029,14.866134577024482,50.0
2.24580878136181,14.986022759097258,50.0
2.281885453625606,15.105910941170036,50.0
2.3182495894134165,15.225799123242814,50.0
2.354901188725241,15.345687305315591,50.0
2.391840251561081,15.465575487388373,50.0
2.429066777920934,15.58546366946115,50.0
2.4665807678048015,15.705351851533928,50.0
2.5043822212126834,15.825240033606706,50.0
2.5424711381445797,15.945128215679482,50.0
2.58084751860049,16.06501639775226,50.0
2.6195113625804156,16.18490457982504,50.0
2.6584626700843548,16.30479276189782,50.0
2.6977014411123084,16.424680943970596,50.0
2.737227675664276,16.544569126043374,50.0
2.777041373740258,16.664457308116152,50.0
2.8171425353402544,16.78434549018893,50.0
2.857531160464266,16.90423367226171,50.0
2.898207249112291,17.02412185433449,50.0
2.9391708012843303,17.144010036407266,50.0
2.9804218169803836,17.26389821848004,50.0
3.0219602962004513,17.383786400552818,50.0
3.0637862389445334,17.503674582625596,50.0
3.1058996452126313,17.623562764698377,50.0
3.148300515004742,17.743450946771155,50.0
3.1909888483208673,17.863339128843933,50.0
3.2339646451610067,17.98322731091671,50.0
3.2772279055251605,18.103115492989488,50.0
3.3207786294133284,18.223003675062266,50.0
3.364616816825512,18.342891857135047,50.0
3.4087424677617086,18.462780039207825,50.0
3.4531555822219198,18.582668221280603,50.0
3.4978561602061453,18.70255640335338,50.0
3.542844201714385,18.822444585426158,50.0
3.588119706746639,18.942332767498936,50.0
3.633682675302907,19.062220949571714,50.0
3.67953310738319,19.18210913164449,50.0
3.725671002987487,19.30199731371727,50.0
3.772096362115798,19.421885495790047,50.0
3.818809184768124,19.541773677862825,50.0
3.8658094709444635,19.661661859935602,50.0
3.9130972206448176,19.78155004200838,50.0
3.9606724338691874,19.90143822408116,50.0
4.00853511061757,20.02132640615394,50.0
4.056685250889967,20.141214588226717,50.0
4.105122854686378,20.261102770299495,50.0
4.153847922006804,20.380990952372272,50.0
4.202860452851244,20.50087913444505,50.0
4.2521604472196985,20.620767316517828,50.0
4.301747905112167,20.740655498590606,50.0
4.351622826528651,20.860543680663383,50.0
4.401785211469147,20.98043186273616,50.0
4.452235059933659,21.10032004480894,50.0
4.502972371922185,21.220208226881716,50.0
4.5539971474347265,21.340096408954498,50.0
4.605309386471281,21.459984591027276,50.0
4.65690908903185,21.579872773100053,50.0
4.708796255116433,21.69976095517283,50.0
4.7609708847250305,21.81964913724561,50.0
4.813432977857642,21.939537319318386,50.0
4.866182534514268,22.059425501391164,50.0
4.91921955469491,22.179313683463945,50.0
4.9725440383995645,22.299201865536723,50.0
5.026155985628233,22.4190900476095,50.0
5.080055396380916,22.53897822968228,50.0
5.134242270657614,22.658866411755056,50.0
5.188716608458326,22.778754593827834,50.0
5.243478409783053,22.898642775900612,50.0
5.298527674631794,23.01853095797339,50.0
5.353864403004549,23.138419140046167,50.0
5.409488594901317,23.258307322118945,50.0
5.465400250322101,23.378195504191723,50.0
5.521599369266899,23.4980836862645,50.0
5.578085951735712,23.617971868337282,50.0
5.6348599977285385,23.73786005041006,50.0
5.69192150724538,23.857748232482837,50.0
5.749270480286234,23.977636414555615,50.0
5.806906916851104,24.097524596628393,50.0
5.864830816939987,24.21741277870117,50.0
5.923042180552886,24.33730096077395,50.0
5.981541007689798,24.457189142846726,50.0
6.040327298350725,24.577077324919504,50.0
6.099401052535666,24.69696550699228,50.0
6.158762270244621,24.81685368906506,50.0
6.2184109514775905,24.936741871137837,50.0
6.278347096234574,25.056630053210615,50.0
6.338570704515574,25.176518235283396,50.0
6.3990817763205845,25.29640641735617,50.0
6.459880311649613,25.41629459942895,50.0
6.520966310502655,25.536182781501733,50.0
6.582339772879709,25.656070963574507,50.0
6.644000698780781,25.77595914564729,50.0
6.7059490882058626,25.895847327720062,50.0
6.768184941154963,26.015735509792844,50.0
6.830708257628074,26.135623691865618,50.0
6.893519037625201,26.255511873938396,50.0
6.956617281146344,26.375400056011177,50.0
7.020002988191498,26.49528823808395,50.0
7.08367615876067,26.615176420156732,50.0
7.147636792853852,26.735064602229507,50.0
7.211884890471052,26.854952784302288,50.0
7.276328776183759,26.87909367998666,0.0
7.340778489724907,26.87909367998666,0.0
7.405228203266058,26.87909367998666,0.0
7.469677916807206,26.87909367998666,0.0
7.534127630348357,26.87909367998666,0.0
7.598577343889505,26.87909367998666,0.0
7.663027057430656,26.87909367998666,0.0
7.7274767709718075,26.87909367998666,0.0
7.791926484512957,26.87909367998666,0.0
7.856376198054108,26.87909367998666,0.0
7.920825911595256,26.87909367998666,0.0
7.985275625136407,26.87909367998666,0.0
8.049725338677554,26.87909367998666,0.0
8.114175052218705,26.87909367998666,0.0
8.178624765759857,26.87909367998666,0.0
8.243074479301008,26.87909367998666,0.0
8.307524192842159,26.87909367998666,0.0
8.371973906383307,26.87909367998666,0.0
8.436423619924458,26.87909367998666,0.0
8.50087333346561,26.87909367998666,0.0
8.565323047006757,26.87909367998666,0.0
8.629772760547908,26.87909367998666,0.0
8.694222474089056,26.87909367998666,0.0
8.758672187630207,26.87909367998666,0.0
8.823121901171355,26.87909367998666,0.0
8.887571614712506,26.87909367998666,0.0
8.952021328253657,26.87909367998666,0.0
9.016471041794809,26.87909367998666,0.0
9.08092075533596,26.87909367998666,0.0
9.145370468877108,26.87909367998666,0.0
9.209820182418259,26.87909367998666,0.0
9.274269895959407,26.87909367998666,0.0
9.338719609500558,26.87909367998666,0.0
9.403169323041709,26.87909367998666,0.0
9.467619036582857,26.87909367998666,0.0
9.532068750124008,26.87909367998666,0.0
9.596518463665156,26.87909367998666,0.0
9.660968177206307,26.87909367998666,0.0
9.725417890747458,26.87909367998666,0.0
9.789867604288606,26.87909367998666,0.0
9.854317317829757,26.87909367998666,0.0
9.918767031370905,26.87909367998666,0.0
9.983216744912056,26.87909367998666,0.0
10.047666458453207,26.87909367998666,0.0
10.112116171994359,26.87909367998666,0.0
10.17656588553551,26.87909367998666,0.0
10.241015599076658,26.87909367998666,0.0
10.305465312617809,26.87909367998666,0.0
10.369915026158957,26.87909367998666,0.0
10.434364739700108,26.87909367998666,0.0
10.498814453241259,26.87909367998666,0.0
10.563264166782407,26.87909367998666,0.0
10.627713880323558,26.87909367998666,0.0
10.692163593864706,26.87909367998666,0.0
10.756613307405857,26.87909367998666,0.0
10.821063020947005,26.87909367998666,0.0
10.885512734488156,26.87909367998666,0.0
10.949962448029307,26.87909367998666,0.0
11.014412161570455,26.87909367998666,0.0
11.078861875111606,26.87909367998666,0.0
11.143311588652757,26.87909367998666,0.0
11.207761302193909,26.87909367998666,0.0
11.272211015735056,26.87909367998666,0.0
11.336660729276208,26.87909367998666,0.0
11.401110442817359,26.87909367998666,0.0
11.465560156358507,26.87909367998666,0.0
11.530009869899658,26.87909367998666,0.0
11.594459583440806,26.87909367998666,0.0
11.658909296981957,26.87909367998666,0.0
11.723359010523108,26.87909367998666,0.0
11.787808724064256,26.87909367998666,0.0
11.852258437605407,26.87909367998666,0.0
11.916708151146555,26.87909367998666,0.0
11.981157864687706,26.87909367998666,0.0
12.045607578228854,26.87909367998666,0.0
12.110057291770005,26.87909367998666,0.0
12.174507005311156,26.87909367998666,0.0
12.238956718852307,26.87909367998666,0.0
12.303406432393459,26.87909367998666,0.0
12.367856145934606,26.87909367998666,0.0
12.432305859475758,26.87909367998666,0.0
12.496755573016909,26.87909367998666,0.0
12.561205286558057,26.87909367998666,0.0
12.625655000099208,26.87909367998666,0.0
12.690104713640356,26.87909367998666,0.0
12.754554427181507,26.87909367998666,0.0
12.819004140722654,26.87909367998666,0.0
12.883453854263806,26.87909367998666,0.0
12.947903567804957,26.87909367998666,0.0
13.012353281346105,26.87909367998666,0.0
13.076802994887256,26.87909367998666,0.0
13.141252708428404,26.87909367998666,0.0
13.205702421969555,26.87909367998666,0.0
13.270152135510706,26.87909367998666,0.0
13.334601849051857,26.87909367998666,0.0
13.399051562593009,26.87909367998666,0.0
13.463501276134156,26.87909367998666,0.0
13.527950989675308,26.87909367998666,0.0
13.592400703216455,26.87909367998666,0.0
13.656850416757607,26.87909367998666,0.0
13.721300130298758,26.87909367998666,0.0
13.785749843839906,26.87909367998666,0.0
13.850199557381057,26.87909367998666,0.0
13.914649270922204,26.87909367998666,0.0
13.979098984463356,26.87909367998666,0.0
14.043548698004503,26.87909367998666,0.0
14.107998411545655,26.87909367998666,0.0
14.172448125086806,26.87909367998666,0.0
14.236897838627957,26.87909367998666,0.0
14.301347552169105,26.87909367998666,0.0
14.365797265710256,26.87909367998666,0.0
14.430246979251407,26.87909367998666,0.0
14.494696692792555,26.87909367998666,0.0
14.559146406333706,26.87909367998666,0.0
14.623596119874858,26.87909367998666,0.0
14.688045833416005,26.87909367998666,0.0
14.752495546957157,26.87909367998666,0.0
14.816945260498304,26.87909367998666,0.0
14.881394974039456,26.87909367998666,0.0
14.945844687580607,26.87909367998666,0.0
15.010294401121755,26.87909367998666,0.0
15.074744114662906,26.87909367998666,0.0
15.139193828204053,26.87909367998666,0.0
15.203643541745205,26.87909367998666,0.0
15.268093255286356,26.87909367998666,0.0
15.332542968827507,26.87909367998666,0.0
15.396992682368658,26.87909367998666,0.0
15.461442395909806,26.87909367998666,0.0
15.525892109450957,26.87909367998666,0.0
15.590341822992105,26.87909367998666,0.0
15.654791536533256,26.87909367998666,0.0
15.719241250074408,26.87909367998666,0.0
15.783690963615555,26.87909367998666,0.0
15.848140677156707,26.87909367998666,0.0
15.912590390697854,26.87909367998666,0.0
15.977040104239006,26.87909367998666,0.0
16.041489817780153,26.87909367998666,0.0
16.105939531321305,26.87909367998666,0.0
16.170389244862456,26.87909367998666,0.0
16.234838958403603,26.87909367998666,0.0
16.299288671944755,26.87909367998666,0.0
16.363738385485906,26.87909367998666,0.0
16.428188099027057,26.87909367998666,0.0
16.492637812568205,26.87909367998666,0.0
16.557087526109356,26.87909367998666,0.0
16.621537239650507,26.87909367998666,0.0
16.685986953191655,26.87909367998666,0.0
16.750436666732806,26.87909367998666,0.0
16.814886380273954,26.87909367998666,0.0
16.879336093815105,26.87909367998666,0.0
16.943785807356257,26.87909367998666,0.0
17.008235520897404,26.87909367998666,0.0
17.072685234438556,26.87909367998666,0.0
17.137134947979703,26.87909367998666,0.0
17.201584661520855,26.87909367998666,0.0
17.266034375062002,26.87909367998666,0.0
17.330484088603153,26.87909367998666,0.0
17.394933802144305,26.87909367998666,0.0
17.459383515685456,26.87909367998666,0.0
17.523833229226607,26.87909367998666,0.0
17.588282942767755,26.87909367998666,0.0
17.652732656308906,26.87909367998666,0.0
17.717182369850054,26.87909367998666,0.0
17.781632083391205,26.87909367998666,0.0
17.846081796932356,26.87909367998666,0.0
17.910531510473504,26.87909367998666,0.0
17.974981224014655,26.87909367998666,0.0
18.039430937555803,26.87909367998666,0.0
18.103880651096954,26.87909367998666,0.0
18.168330364638106,26.87909367998666,0.0
18.232780078179253,26.87909367998666,0.0
18.297229791720405,26.87909367998666,0.0
18.361679505261552,26.87909367998666,0.0
18.426129218802703,26.87909367998666,0.0
18.490578932343855,26.87909367998666,0.0
18.555028645885006,26.87909367998666,0.0
18.619478359426157,26.87909367998666,0.0
18.683928072967305,26.87909367998666,0.0
18.748377786508456,26.87909367998666,0.0
18.812827500049604,26.87909367998666,0.0
18.877277213590755,26.87909367998666,0.0
18.941726927131906,26.87909367998666,0.0
19.006176640673054,26.87909367998666,0.0
19.070626354214205,26.87909367998666,0.0
19.135076067755353,26.87909367998666,0.0
19.199525781296504,26.87909367998666,0.0
19.263975494837652,26.87909367998666,0.0
19.328425208378803,26.87909367998666,0.0
19.392874921919955,26.87909367998666,0.0
19.457324635461102,26.87909367998666,0.0
19.521774349002254,26.87909367998666,0.0
19.586224062543405,26.87909367998666,0.0
19.650673776084556,26.87909367998666,0.0
19.715123489625704,26.87909367998666,0.0
19.779573203166855,26.87909367998666,0.0
19.844022916708006,26.87909367998666,0.0
19.908472630249157,26.87909367998666,0.0
19.9729223437903,26.87909367998666,0.0
20.037372057331453,26.87909367998666,0.0
20.101821770872604,26.87909367998666,0.0
20.166271484413755,26.87909367998666,0.0
20.230721197954907,26.87909367998666,0.0
20.29517091149605,26.87909367998666,0.0
20.359620625037202,26.87909367998666,0.0
20.424070338578353,26.87909367998666,0.0
20.488520052119505,26.87909367998666,0.0
20.552969765660656,26.87909367998666,0.0
20.617419479201804,26.87909367998666,0.0
20.681869192742955,26.87909367998666,0.0
20.746318906284106,26.87909367998666,0.0
20.810768619825257,26.87909367998666,0.0
20.8752183333664,26.87909367998666,0.0
20.939668046907553,26.87909367998666,0.0
21.004117760448704,26.87909367998666,0.0
21.068567473989855,26.87909367998666,0.0
21.133017187531006,26.87909367998666,0.0
21.19746690107215,26.87909367998666,0.0
21.261916614613302,26.87909367998666,0.0
21.326366328154453,26.87909367998666,0.0
21.390816041695604,26.87909367998666,0.0
21.455265755236756,26.87909367998666,0.0
21.519715468777903,26.87909367998666,0.0
21.584165182319055,26.87909367998666,0.0
21.648614895860206,26.87909367998666,0.0
21.713064609401357,26.87909367998666,0.0
21.77751432294251,26.87909367998666,0.0
21.841964036483652,26.87909367998666,0.0
21.906413750024804,26.87909367998666,0.0
21.970863463565955,26.87909367998666,0.0
22.035313177107106,26.87909367998666,0.0
22.09976289064825,26.87909367998666,0.0
22.1642126041894,26.87909367998666,0.0
22.228662317730553,26.87909367998666,0.0
22.293112031271704,26.87909367998666,0.0
22.357561744812855,26.87909367998666,0.0
22.422011458354,26.87909367998666,0.0
22.48646117189515,26.87909367998666,0.0
22.550910885436302,26.87909367998666,0.0
22.615360598977453,26.87909367998666,0.0
22.679810312518605,26.87909367998666,0.0
22.744260026059752,26.87909367998666,0.0
22.808709739600904,26.87909367998666,0.0
22.873159453142055,26.87909367998666,0.0
22.937609166683206,26.87909367998666,0.0
23.002058880224357,26.87909367998666,0.0
23.0665085937655,26.87909367998666,0.0
23.130958307306653,26.87909367998666,0.0
23.195408020847804,26.87909367998666,0.0
23.259857734388955,26.87909367998666,0.0
23.3243074479301,26.87909367998666,0.0
23.38875716147125,26.87909367998666,0.0
23.453206875012402,26.87909367998666,0.0
23.517656588553553,26.87909367998666,0.0
23.582106302094704,26.87909367998666,0.0
23.646556015635852,26.87909367998666,0.0
23.711005729177003,26.87909367998666,0.0
23.775455442718155,26.87909367998666,0.0
23.839905156259306,26.87909367998666,0.0
23.904354869800457,26.87909367998666,0.0
23.9688045833416,26.87909367998666,0.0
24.033254296882752,26.87909367998666,0.0
24.097704010423904,26.87909367998666,0.0
24.162153723965055,26.87909367998666,0.0
24.226603437506206,26.87909367998666,0.0
24.29105315104735,26.87909367998666,0.0
24.3555028645885,26.87909367998666,0.0
24.419952578129653,26.87909367998666,0.0
24.484402291670804,26.87909367998666,0.0
24.54885200521195,26.87909367998666,0.0
24.6133017187531,26.87909367998666,0.0
24.67775143229425,26.87909367998666,0.0
24.742201145835402,26.87909367998666,0.0
24.806650859376553,26.87909367998666,0.0
24.871100572917697,26.87909367998666,0.0
24.93555028645885,26.87909367998666,0.0
25.0,26.87909367998666,0.0
25.06444971354115,26.87909367998666,0.0
25.128899427082303,26.87909367998666,0.0
25.193349140623454,26.87909367998666,0.0
25.257798854164605,26.87909367998666,0.0
25.322248567705756,26.87909367998666,0.0
25.386698281246908,26.87909367998666,0.0
25.45114799478806,26.87909367998666,0.0
25.515597708329203,26.87909367998666,0.0
25.580047421870354,26.87909367998666,0.0
25.644497135411505,26.87909367998666,0.0
25.708946848952657,26.87909367998666,0.0
25.7733965624938,26.87909367998666,0.0
25.837846276034952,26.87909367998666,0.0
25.902295989576103,26.87909367998666,0.0
25.966745703117255,26.87909367998666,0.0
26.031195416658406,26.87909367998666,0.0
26.09564513019955,26.87909367998666,0.0
26.1600948437407,26.87909367998666,0.0
26.224544557281853,26.87909367998666,0.0
26.288994270823004,26.87909367998666,0.0
26.353443984364155,26.87909367998666,0.0
26.4178936979053,26.87909367998666,0.0
26.48234341144645,26.87909367998666,0.0
26.5467931249876,26.87909367998666,0.0
26.611242838528753,26.87909367998666,0.0
26.675692552069904,26.87909367998666,0.0
26.74014226561105,26.87909367998666,0.0
26.8045919791522,26.87909367998666,0.0
26.86904169269335,26.87909367998666,0.0
26.933491406234502,26.87909367998666,0.0
26.997941119775653,26.87909367998666,0.0
27.062390833316798,26.87909367998666,0.0
27.12684054685795,26.87909367998666,0.0
27.1912902603991,26.87909367998666,0.0
27.25573997394025,26.87909367998666,0.0
27.320189687481403,26.87909367998666,0.0
27.384639401022554,26.87909367998666,0.0
27.449089114563705,26.87909367998666,0.0
27.513538828104856,26.87909367998666,0.0
27.577988541646008,26.87909367998666,0.0
27.64243825518715,26.87909367998666,0.0
27.706887968728303,26.87909367998666,0.0
27.771337682269454,26.87909367998666,0.0
27.835787395810605,26.87909367998666,0.0
27.900237109351757,26.87909367998666,0.0
27.9646868228929,26.87909367998666,0.0
28.029136536434052,26.87909367998666,0.0
28.093586249975203,26.87909367998666,0.0
28.158035963516355,26.87909367998666,0.0
28.222485677057506,26.87909367998666,0.0
28.28693539059865,26.87909367998666,0.0
28.3513851041398,26.87909367998666,0.0
28.415834817680953,26.87909367998666,0.0
28.480284531222104,26.87909367998666,0.0
28.544734244763248,26.87909367998666,0.0
28.6091839583044,26.87909367998666,0.0
28.67363367184555,26.87909367998666,0.0
28.7380833853867,26.87909367998666,0.0
28.802533098927853,26.87909367998666,0.0
28.866982812468997,26.87909367998666,0.0
28.93143252601015,26.87909367998666,0.0
28.9958822395513,26.87909367998666,0.0
29.06033195309245,26.87909367998666,0.0
29.124781666633602,26.87909367998666,0.0
29.189231380174746,26.87909367998666,0.0
29.253681093715898,26.87909367998666,0.0
29.31813080725705,26.87909367998666,0.0
29.3825805207982,26.87909367998666,0.0
29.44703023433935,26.87909367998666,0.0
29.511479947880503,26.87909367998666,0.0
29.575929661421654,26.87909367998666,0.0
29.640379374962805,26.87909367998666,0.0
29.704829088503956,26.87909367998666,0.0
29.7692788020451,26.87909367998666,0.0
29.83372851558625,26.87909367998666,0.0
29.898178229127403,26.87909367998666,0.0
29.962627942668554,26.87909367998666,0.0
30.027077656209705,26.87909367998666,0.0
30.09152736975085,26.87909367998666,0.0
30.155977083292,26.87909367998666,0.0
30.220426796833152,26.87909367998666,0.0
30.284876510374303,26.87909367998666,0.0
30.349326223915455,26.87909367998666,0.0
30.4137759374566,26.87909367998666,0.0
30.47822565099775,26.87909367998666,0.0
30.5426753645389,26.87909367998666,0.0
30.607125078080053,26.87909367998666,0.0
30.671574791621204,26.87909367998666,0.0
30.736024505162348,26.87909367998666,0.0
30.8004742187035,26.87909367998666,0.0
30.86492393224465,26.87909367998666,0.0
30.9293736457858,26.87909367998666,0.0
30.993823359326946,26.87909367998666,0.0
31.058273072868097,26.87909367998666,0.0
31.12272278640925,26.87909367998666,0.0
31.1871724999504,26.87909367998666,0.0
31.25162221349155,26.87909367998666,0.0
31.316071927032695,26.87909367998666,0.0
31.380521640573846,26.87909367998666,0.0
31.444971354114998,26.87909367998666,0.0
31.50942106765615,26.87909367998666,0.0
31.5738707811973,26.87909367998666,0.0
31.63832049473845,26.87909367998666,0.0
31.702770208279603,26.87909367998666,0.0
31.767219921820754,26.87909367998666,0.0
31.831669635361905,26.87909367998666,0.0
31.896119348903056,26.87909367998666,0.0
31.9605690624442,26.87909367998666,0.0
32.02501877598535,26.87909367998666,0.0
32.0894684895265,26.87909367998666,0.0
32.153918203067654,26.87909367998666,0.0
32.218367916608806,26.87909367998666,0.0
32.28281763014995,26.87909367998666,0.0
32.3472673436911,26.87909367998666,0.0
32.41171705723225,26.87909367998666,0.0
32.4761667707734,26.87909367998666,0.0
32.54061648431455,26.87909367998666,0.0
32.6050661978557,26.87909367998666,0.0
32.66951591139685,26.87909367998666,0.0
32.733965624938,26.87909367998666,0.0
32.79841533847915,26.87909367998666,0.0
32.8628650520203,26.87909367998666,0.0
32.92731476556145,26.87909367998666,0.0
32.9917644791026,26.87909367998666,0.0
33.05621419264375,26.87909367998666,0.0
33.1206639061849,26.87909367998666,0.0
33.185113619726046,26.87909367998666,0.0
33.2495633332672,26.87909367998666,0.0
33.31401304680835,26.87909367998666,0.0
33.3784627603495,26.87909367998666,0.0
33.44291247389065,26.87909367998666,0.0
33.507362187431795,26.87909367998666,0.0
33.571811900972946,26.87909367998666,0.0
33.6362616145141,26.87909367998666,0.0
33.70071132805525,26.87909367998666,0.0
33.7651610415964,26.87909367998666,0.0
33.82961075513755,26.87909367998666,0.0
33.8940604686787,26.87909367998666,0.0
33.958510182219854,26.87909367998666,0.0
34.022959895761005,26.87909367998666,0.0
34.08740960930215,26.87909367998666,0.0
34.1518593228433,26.87909367998666,0.0
34.21630903638445,26.87909367998666,0.0
34.2807587499256,26.87909367998666,0.0
34.345208463466754,26.87909367998666,0.0
34.4096581770079,26.87909367998666,0.0
34.47410789054905,26.87909367998666,0.0
34.5385576040902,26.87909367998666,0.0
34.60300731763135,26.87909367998666,0.0
34.6674570311725,26.87909367998666,0.0
34.73190674471365,26.87909367998666,0.0
34.7963564582548,26.87909367998666,0.0
34.86080617179595,26.87909367998666,0.0
34.9252558853371,26.87909367998666,0.0
34.989705598878245,26.87909367998666,0.0
35.0541553124194,26.87909367998666,0.0
35.11860502596055,26.87909367998666,0.0
35.1830547395017,26.87909367998666,0.0
35.24750445304285,26.87909367998666,0.0
35.311954166583995,26.87909367998666,0.0
35.376403880125146,26.87909367998666,0.0
35.4408535936663,26.87909367998666,0.0
35.50530330720745,26.87909367998666,0.0
35.5697530207486,26.87909367998666,0.0
35.63420273428975,26.87909367998666,0.0
35.6986524478309,26.87909367998666,0.0
35.763102161372046,26.87909367998666,0.0
35.8275518749132,26.87909367998666,0.0
35.89200158845435,26.87909367998666,0.0
35.9564513019955,26.87909367998666,0.0
36.02090101553665,26.87909367998666,0.0
36.0853507290778,26.87909367998666,0.0
36.149800442618954,26.87909367998666,0.0
36.2142501561601,26.87909367998666,0.0
36.27869986970125,26.87909367998666,0.0
36.3431495832424,26.87909367998666,0.0
36.40759929678355,26.87909367998666,0.0
36.4720490103247,26.87909367998666,0.0
36.53649872386585,26.87909367998666,0.0
36.600948437407,26.87909367998666,0.0
36.66539815094815,26.87909367998666,0.0
36.7298478644893,26.87909367998666,0.0
36.79429757803045,26.87909367998666,0.0
36.858747291571596,26.87909367998666,0.0
36.92319700511275,26.87909367998666,0.0
36.9876467186539,26.87909367998666,0.0
37.05209643219505,26.87909367998666,0.0
37.1165461457362,26.87909367998666,0.0
37.180995859277346,26.87909367998666,0.0
37.2454455728185,26.87909367998666,0.0
37.30989528635965,26.87909367998666,0.0
37.3743449999008,26.87909367998666,0.0
37.43879471344194,26.87909367998666,0.0
37.503244426983095,26.87909367998666,0.0
37.567694140524246,26.87909367998666,0.0
37.6321438540654,26.87909367998666,0.0
37.69659356760655,26.87909367998666,0.0
37.7610432811477,26.87909367998666,0.0
37.82549299468885,26.87909367998666,0.0
37.88994270823,26.87909367998666,0.0
37.95439242177115,26.87909367998666,0.0
38.018842135312305,26.87909367998666,0.0
38.08329184885345,26.87909367998666,0.0
38.1477415623946,26.87909367998666,0.0
38.21219127593575,26.87909367998666,0.0
38.2766409894769,26.87909367998666,0.0
38.341090703018054,26.87909367998666,0.0
38.4055404165592,26.87909367998666,0.0
38.46999013010035,26.87909367998666,0.0
38.5344398436415,26.87909367998666,0.0
38.59888955718265,26.87909367998666,0.0
38.6633392707238,26.87909367998666,0.0
38.72778898426495,26.87909367998666,0.0
38.7922386978061,26.87909367998666,0.0
38.85668841134725,26.87909367998666,0.0
38.9211381248884,26.87909367998666,0.0
38.985587838429545,26.87909367998666,0.0
39.050037551970696,26.87909367998666,0.0
39.11448726551185,26.87909367998666,0.0
39.178936979053,26.87909367998666,0.0
39.24338669259415,26.87909367998666,0.0
39.307836406135294,26.87909367998666,0.0
39.372286119676446,26.87909367998666,0.0
39.4367358332176,26.87909367998666,0.0
39.50118554675875,26.87909367998666,0.0
39.5656352602999,26.87909367998666,0.0
39.63008497384104,26.87909367998666,0.0
39.694534687382195,26.87909367998666,0.0
39.758984400923346,26.87909367998666,0.0
39.8234341144645,26.87909367998666,0.0
39.88788382800565,26.87909367998666,0.0
39.9523335415468,26.87909367998666,0.0
40.01678325508795,26.87909367998666,0.0
40.0812329686291,26.87909367998666,0.0
40.14568268217025,26.87909367998666,0.0
40.2101323957114,26.87909367998666,0.0
40.27458210925255,26.87909367998666,0.0
40.3390318227937,26.87909367998666,0.0
40.40348153633485,26.87909367998666,0.0
40.467931249876,26.87909367998666,0.0
40.53238096341715,26.87909367998666,0.0
40.5968306769583,26.87909367998666,0.0
40.66128039049945,26.87909367998666,0.0
40.7257301040406,26.87909367998666,0.0
40.79017981758175,26.87909367998666,0.0
40.854629531122896,26.87909367998666,0.0
40.91907924466405,26.87909367998666,0.0
40.9835289582052,26.87909367998666,0.0
41.04797867174635,26.87909367998666,0.0
41.1124283852875,26.87909367998666,0.0
41.176878098828645,26.87909367998666,0.0
41.241327812369796,26.87909367998666,0.0
41.30577752591095,26.87909367998666,0.0
41.3702272394521,26.87909367998666,0.0
41.43467695299324,26.87909367998666,0.0
41.499126666534394,26.87909367998666,0.0
41.563576380075546,26.87909367998666,0.0
41.6280260936167,26.87909367998666,0.0
41.69247580715785,26.87909367998666,0.0
41.75692552069899,26.87909367998666,0.0
41.82137523424014,26.87909367998666,0.0
41.885824947781295,26.87909367998666,0.0
41.950274661322446,26.87909367998666,0.0
42.0147243748636,26.87909367998666,0.0
42.07917408840475,26.87909367998666,0.0
42.1436238019459,26.87909367998666,0.0
42.20807351548705,26.87909367998666,0.0
42.2725232290282,26.87909367998666,0.0
42.33697294256935,26.87909367998666,0.0
42.4014226561105,26.87909367998666,0.0
42.46587236965165,26.87909367998666,0.0
42.5303220831928,26.87909367998666,0.0
42.59477179673395,26.87909367998666,0.0
42.659221510275096,26.87909367998666,0.0
42.72367122381625,26.87909367998666,0.0
42.78811510952889,26.854952784302284,-50.0
42.85236320714611,26.7350646022295,-50.0
42.91632384123926,26.615176420156715,-50.0
42.97999701180845,26.49528823808396,-50.0
43.04338271885365,26.375400056011173,-50.0
43.10648096237472,26.25551187393839,-50.0
43.16929174237188,26.135623691865604,-50.0
43.23181505884497,26.015735509792833,-50.0
43.2940509117941,25.895847327720062,-50.0
43.355999301219214,25.775959145647278,-50.0
43.41766022712022,25.656070963574507,-50.0
43.47903368949733,25.536182781501722,-50.0
43.54011968835039,25.416294599428937,-50.0
43.600918223679344,25.296406417356167,-50.0
43.661429295484425,25.176518235283396,-50.0
43.7216529037654,25.05663005321061,-50.0
43.78158904852236,24.936741871137826,-50.0
43.841237729755335,24.816853689065056,-50.0
43.90059894746429,24.696965506992285,-50.0
43.959672701649254,24.5770773249195,-50.0
44.01845899231017,24.457189142846715,-50.0
44.076957819447074,24.337300960773945,-50.0
44.135169183059986,24.217412778701174,-50.0
44.193093083148824,24.09752459662839,-50.0
44.25072951971373,23.977636414555604,-50.0
44.30807849275459,23.857748232482834,-50.0
44.3651400022714,23.73786005041005,-50.0
44.42191404826423,23.61797186833728,-50.0
44.478400630733006,23.498083686264494,-50.0
44.53459974967788,23.378195504191723,-50.0
44.59051140509865,23.258307322118938,-50.0
44.64613559699538,23.138419140046153,-50.0
44.7014723253682,23.018530957973383,-50.0
44.75652159021689,22.898642775900612,-50.0
44.81128339154162,22.778754593827827,-50.0
44.86575772934239,22.658866411755042,-50.0
44.919944603619,22.53897822968227,-50.0
44.973844014371764,22.4190900476095,-50.0
45.027455961600424,22.299201865536716,-50.0
45.08078044530504,22.17931368346393,-50.0
45.13381746548572,22.05942550139116,-50.0
45.1865670221423,21.93953731931839,-50.0
45.239029115274946,21.819649137245605,-50.0
45.291203744883546,21.69976095517282,-50.0
45.3430909109681,21.57987277310005,-50.0
45.394690613528724,21.459984591027265,-50.0
45.446002852565215,21.340096408954494,-50.0
45.497027628077774,21.22020822688171,-50.0
45.547764940066315,21.10032004480894,-50.0
45.59821478853081,20.980431862736154,-50.0
45.64837717347132,20.86054368066337,-50.0
45.69825209488778,20.7406554985906,-50.0
45.74783955278028,20.620767316517828,-50.0
45.79713954714873,20.500879134445043,-50.0
45.84615207799311,20.380990952372258,-50.0
45.894877145313615,20.261102770299487,-50.0
45.94331474910996,20.141214588226717,-50.0
45.9914648893824,20.021326406153932,-50.0
46.03932756613074,19.901438224081147,-50.0
46.086902779355114,19.781550042008377,-50.0
46.13419052905553,19.661661859935606,-50.0
46.18119081523179,19.54177367786282,-50.0
46.22790363788414,19.421885495790036,-50.0
46.2743289970125,19.301997313717266,-50.0
46.320466892616736,19.18210913164448,-50.0
46.366317324697036,19.062220949571696,-50.0
46.411880293253375,18.942332767498925,-50.0
46.457155798285555,18.82244458542614,-50.0
46.5021438397938,18.702556403353384,-50.0
46.546844417778004,18.5826682212806,-50.0
46.591257532238274,18.462780039207814,-50.0
46.63538318317444,18.342891857135044,-50.0
46.67922137058662,18.22300367506226,-50.0
46.722772094474806,18.103115492989474,-50.0
46.76603535483895,17.983227310916703,-50.0
46.8090111516791,17.86333912884392,-50.0
46.851699484995265,17.743450946771134,-50.0
46.89410035478733,17.623562764698377,-50.0
46.93621376105543,17.503674582625607,-50.0
46.97803970379948,17.38378640055282,-50.0
47.019578183019576,17.263898218480037,-50.0
47.06082919871562,17.144010036407252,-50.0
47.101792750887654,17.02412185433448,-50.0
47.142468839535695,16.904233672261697,-50.0
47.18285746465969,16.78434549018891,-50.0
47.2229586262597,16.66445730811614,-50.0
47.262772324335685,16.544569126043356,-50.0
47.30229855888763,16.4246809439706,-50.0
47.34153732991564,16.304792761897815,-50.0
47.38048863741949,16.184904579825044,-50.0
47.419152481399465,16.06501639775226,-50.0
47.457528861855394,15.945128215679475,-50.0
47.49561777878722,15.82524003360669,-50.0
47.53341923219517,15.70535185153392,-50.0
47.57093322207908,15.585463669461134,-50.0
47.60815974843882,15.46557548738835,-50.0
47.64509881127469,15.345687305315593,-50.0
47.68175041058652,15.225799123242822,-50.0
47.71811454637438,15.105910941170038,-50.0
47.75419121863814,14.986022759097253,-50.0
47.78998042737794,14.866134577024482,-50.0
47.82548217259372,14.746246394951697,-50.0
47.86069645428546,14.626358212878912,-50.0
47.89562327245318,14.506470030806128,-50.0
47.930262627096965,14.386581848733357,-50.0
47.96461451821665,14.266693666660572,-50.0
47.99867894581229,14.146805484587816,-50.0
48.032455909883964,14.02691730251503,-50.0
48.06594541043171,13.90702912044226,-50.0
48.09914744745532,13.787140938369475,-50.0
48.13206202095495,13.66725275629669,-50.0
48.16468913093058,13.54736457422392,-50.0
48.19702877738217,13.427476392151135,-50.0
48.22908096030977,13.30758821007835,-50.0
48.260845679713384,13.187700028005565,-50.0
48.29232293559289,13.067811845932809,-50.0
48.323512727948525,12.947923663860038,-50.0
48.35441505678,12.828035481787254,-50.0
48.38502992208754,12.708147299714469,-50.0
48.41535732387109,12.588259117641698,-50.0
48.44539726213054,12.468370935568913,-50.0
48.47514973686606,12.348482753496128,-50.0
48.50461474807753,12.228594571423358,-50.0
48.5337922957649,12.108706389350573,-50.0
48.56268237992839,11.988818207277788,-50.0
48.59128500056784,11.868930025205032,-50.0
48.61960015768324,11.749041843132247,-50.0
48.647627851274706,11.629153661059476,-50.0
48.675368081342015,11.509265478986691,-50.0
48.70282084788539,11.389377296913906,-50.0
48.729986150904665,11.269489114841136,-50.0
48.75686399040006,11.149600932768351,-50.0
48.783454366371416,11.029712750695566,-50.0
48.809757278818665,10.909824568622795,-50.0
48.83577272774204,10.789936386550025,-50.0
48.861500713141254,10.670048204477254,-50.0
48.886941235016536,10.55016002240447,-50.0
48.91209429336783,10.430271840331685,-50.0
48.93695988819502,10.310383658258914,-50.0
48.96153801949828,10.190495476186129,-50.0
48.98582868727749,10.070607294113344,-50.0
49.009831891532656,9.950719112040574,-50.0
49.03354763226389,9.830830929967789,-50.0
49.05697590947108,9.710942747895004,-50.0
49.08011672315422,9.591054565822247,-50.0
49.10297007331326,9.471166383749463,-50.0
49.12553595994842,9.351278201676692,-50.0
49.14781438305954,9.231390019603907,-50.0
49.169805342646555,9.111501837531122,-50.0
49.191508838709694,8.991613655458352,-50.0
49.21292487124879,8.871725473385567,-50.0
49.23405344026378,8.751837291312782,-50.0
49.25489454575484,8.631949109240011,-50.0
49.27544818772185,8.51206092716724,-50.0
49.29571436616493,8.39217274509447,-50.0
49.315693081083964,8.272284563021685,-50.0
49.33538433247884,8.1523963809489,-50.0
49.354788120349895,8.03250819887613,-50.0
49.373904444696734,7.912620016803345,-50.0
49.3927333055197,7.79273183473056,-50.0
49.41127470281867,7.6728436526577894,-50.0
49.42952863659349,7.552955470585005,-50.0
49.44749510684443,7.43306728851222,-50.0
49.465174113571265,7.313179106439463,-50.0
49.48256565677423,7.1932909243666785,-50.0
49.499669736453086,7.073402742293908,-50.0
49.51648635260784,6.953514560221123,-50.0
49.53301550523872,6.833626378148338,-50.0
49.54925719434556,6.7137381960755675,-50.0
49.56521141992829,6.593850014002783,-50.0
49.58087818198709,6.473961831929998,-50.0
49.5962574805219,6.354073649857227,-50.0
49.61134931553261,6.234185467784457,-50.0
49.62615368701927,6.114297285711686,-50.0
49.640670594982055,5.994409103638901,-50.0
49.654900039420795,5.874520921566116,-50.0
49.66884202033543,5.754632739493346,-50.0
49.68249653772614,5.634744557420561,-50.0
49.695863591592854,5.514856375347776,-50.0
49.70894318193541,5.394968193275005,-50.0
49.72173530875409,5.2750800112022205,-50.0
49.73423997204873,5.155191829129436,-50.0
49.746457171819316,5.035303647056679,-50.0
49.75838690806597,4.915415464983894,-50.0
49.77002918078847,4.795527282911124,-50.0
49.78138398998709,4.675639100838339,-50.0
49.79245133566167,4.555750918765554,-50.0
49.80323121781214,4.435862736692783,-50.0
49.81372363643868,4.315974554619999,-50.0
49.82392859154112,4.196086372547214,-50.0
49.83384608311968,4.076198190474443,-50.0
49.84347611117414,3.9563100084016867,-50.0
49.85281867570461,3.836421826328902,-50.0
49.86187377671115,3.716533644256117,-50.0
49.87064141419347,3.596645462183332,-50.0
49.879121588151975,3.4767572801105615,-50.0
49.887314298586375,3.3568690980377767,-50.0
49.89521954549673,3.236980915964992,-50.0
49.90283732888315,3.117092733892221,-50.0
49.91016764874553,2.9972045518194363,-50.0
49.9172105050838,2.8773163697466515,-50.0
49.92396589789814,2.757428187673895,-50.0
49.930433827188494,2.6375400056011244,-50.0
49.9366142929548,2.5176518235283396,-50.0
49.94250729519706,2.3977636414555548,-50.0
49.94811283391539,2.27787545938277,-50.0
49.95343090910967,2.1579872773099993,-50.0
49.95846152077985,2.0380990952372144,-50.0
49.963204668926096,1.9182109131644296,-50.0
49.967660353548354,1.798322731091659,-50.0
49.971828574646565,1.6784345490189025,-50.0
49.97570933222079,1.5585463669461177,-50.0
49.97930262627091,1.4386581848733329,-50.0
49.98260845679715,1.3187700028005622,-50.0
49.985626823799294,1.1988818207277774,-50.0
49.98835772727739,1.0789936386549925,-50.0
49.990801167231496,0.9591054565822077,-50.0
49.99295714366167,0.8392172745094371,-50.0
49.994825656567684,0.7193290924366522,-50.0
49.99640670594977,0.5994409103638674,-50.0
49.99770029180786,0.47955272829111095,-50.0
49.99870641414191,0.3596645462183403,-50.0
49.99942507295191,0.23977636414555548,-50.0
49.99985626823798,0.11988818207277063,-50.0
