clock,x,y,theda
0,0.0,0.0,0.0
0,0.0,0.0,0.0
29.159586,0.07431127871542352,0.1086777379031992,0.011999138607460935
13.597033,0.14151480719592255,0.18576761146900375,0.020725784867432928
26.949846,0.21941588270960682,0.26882392670488625,0.033815754257390473
24.624586,0.32930585805728324,0.4051657965241558,0.04799655442984463
20.948491,0.4645972212429228,0.5385386193833896,0.062177354602298784
29.108075,0.6431877990437432,0.7388869669617784,0.08508480103472404
23.956564999999998,0.7857983206746739,0.8870064653583503,0.10144726277217053
24.107398,1.0355043205465289,1.0419008916495593,0.13089969389957457
23.608752,1.2187584690271207,1.226856003803202,0.15053464798451088
59.393183,1.7586824726216088,1.6556555011191347,0.214893664151802
1.861406,1.7586824726216088,1.6556555011191347,0.214893664151802
47.654744,2.3504213658294035,2.008672752867721,0.28252517266658206
13.849637,2.400810241530705,2.201728962624404,0.28252517266658206
49.710682,3.0322142513000765,2.6411383589745134,0.3556108350938443
49.756724000000006,3.0322142513000765,2.6411383589745134,0.3556108350938443
51.65438,3.7059671623931174,3.155654554172231,0.421060682043632
52.911881,4.163781674958089,3.4906464194566778,0.47014806725597236
33.456983,4.814145985441801,4.024623913562228,0.5323254218582703
30.902139,5.195612644784247,4.346856691016392,0.5705044992456463
31.11667,5.564501755414214,4.683415154161123,0.6086835766330223
61.380736,6.417320358036637,5.480335271585051,0.6752242543653058
30.508649,6.934176762506458,6.011191367163789,0.710130839405192
30.832451,7.432191701462516,6.559762107935814,0.7450374244450781
74.21380900000001,8.2461600095174,7.497578833115021,0.7755806863549788
74.213601,8.2461600095174,7.497578833115021,0.7755806863549788
54.368703,9.191533730757984,8.544491805466896,0.7853981633974465
54.453599,9.191533730757984,8.544491805466896,0.7853981633974465
46.737974,9.651100747906769,9.032899475970648,0.7777623479199711
42.010003999999995,10.473317247009767,9.892758176438036,0.7679448708775034
42.095629,10.473317247009767,9.892758176438036,0.7679448708775034
49.571359,11.289613083432613,10.727787008379256,0.7515824091400569
26.016305,11.227685628778923,10.674255571650477,0.7406741013150926
12.812918,11.774800843806428,11.203011274396081,0.7406741013150926
32.848701,12.281010327301308,11.680841899696548,0.7308566242726249
68.88177800000001,13.117609298150237,12.453003740795804,0.7166758241001707
69.244017,13.965073658213486,13.213224699003266,0.7024950239277166
66.175684,15.152906448261117,14.235818843982658,0.6817692390602836
66.175736,15.152906448261117,14.235818843982658,0.6817692390602836
49.572505,15.88882802206285,14.853405314495275,0.6719517620178159
34.630784,16.335038085252403,15.2043540302237,0.6686792696703261
23.742449999999998,16.879922971395175,15.634871235890223,0.6686792696703261
30.474846,17.536923812765924,16.127152633916033,0.6686792696703261
33.453025,17.98174852324225,16.4709489442509,0.6686792696703261
19.016252,18.410439986797527,16.78667290999167,0.6686792696703261
39.969431,19.125629370081384,17.32520405362172,0.6697701004528227
30.235159,19.572162855479046,17.655835616494,0.6708609312353193
28.271565,20.052454604987567,18.017832435454533,0.6708609312353193
47.281202,20.963259834551202,18.695527211525537,0.6730425928003125
47.448025,21.872584397087028,19.37520744198941,0.6752242543653058
46.507869,22.523439931308808,19.831755186066072,0.6795875774952913
57.517818,23.329471082500472,20.24508332943801,0.6708609312353193
57.807349,24.13907846521133,20.651361875087087,0.6621342849753473
70.94328900000001,24.986885507048136,20.700581179658467,0.6479534848028932
71.15282,25.835305251125234,20.737773356130365,0.633772684630439
24.972815,26.171372540636433,20.67137010242505,0.633772684630439
18.448491,26.343535740882917,20.630011104397763,0.633772684630439
44.837348,26.561252195589777,20.58760589382528,0.6381360077604246
4.748699,26.7722068716418,20.45960950288266,0.6381360077604246
33.40318,26.995135866661386,20.3471889498066,0.6414085001079144
33.150889,27.258673482806174,20.272253552584658,0.6490443155853898
28.855472,27.475648733106944,20.194084072795057,0.6544984694978719
31.747399,27.711903235403657,20.044592100069046,0.6588617926278575
19.174377,27.950389557186522,19.864252928012835,0.6588617926278575
72.367924,28.47753241205726,19.633359222522873,0.6610434541928507
0.106302,29.005177743944763,19.403616112912413,0.6632251157578439
38.508858,29.460003741001042,19.22088036919383,0.6643159465403405
29.776566000000003,29.638070657956035,19.147056125099265,0.6621342849753473
59.686932999999996,30.00886499939376,19.002181679772345,0.6588617926278584
0.200782,30.399329270601015,18.8710798442484,0.6588617926278584
49.210629999999995,30.768373303077347,18.78458532896465,0.6566801310628652
25.002294000000003,30.954395122398964,18.711893321660778,0.6555893002803685
24.888440000000003,31.12730100902246,18.69291319882832,0.6566801310628652
19.639586,31.248481536711584,18.66865453833198,0.6566801310628652
22.783128,31.37735079716225,18.65411797418052,0.6566801310628652
16.630575,31.49044641228998,18.650196872329666,0.6566801310628652
18.143543,31.62368149616328,18.669390510535383,0.6566801310628652
53.453755,31.95301404185614,18.65340713393825,0.6588617926278584
0.850313,32.28238067408669,18.638142286965792,0.6610434541928516
49.081827000000004,32.473273060957794,18.622849857753895,0.6610434541928516
28.968024,32.631963712633954,18.620856121668407,0.659952623410355
17.676095999999998,32.88324035311794,18.625591702667435,0.659952623410355
31.936618,33.06752292340826,18.60877992295318,0.659952623410355
21.492449999999998,33.23915137788217,18.593563925143915,0.659952623410355
44.736046,33.4120396120111,18.56817143627649,0.6588617926278584
18.811669,33.51433160879302,18.56372967236803,0.6588617926278584
30.230993,33.687552947531984,18.560978833607535,0.6588617926278584
50.826619,33.92004954761746,18.535687241176106,0.6588617926278584
0.022292,34.152546147702935,18.510395648744677,0.6588617926278584
53.505265,34.29492053158898,18.487285558882604,0.659952623410355
22.878752,34.38640625255902,18.482176179804995,0.659952623410355
27.442398,34.44705457494056,18.487383313398077,0.659952623410355
24.730106000000003,34.4860807769931,18.491032044894023,0.659952623410355
36.796358,34.48967905906903,18.479299807061864,0.6577709618453618
10.078543,34.49811279523474,18.478217550339505,0.6577709618453618
18.580888,34.49330576346062,18.47105535081098,0.6566801310628652
16.607449,34.49330576346062,18.47105535081098,0.6566801310628652
18.91969,34.49330576346062,18.47105535081098,0.6566801310628652
13.262345,34.49330576346062,18.47105535081098,0.6566801310628652
16.836147,34.49330576346062,18.47105535081098,0.6566801310628652
16.717241,34.49330576346062,18.47105535081098,0.6566801310628652
16.836668,34.499949367188975,18.475837550186878,0.6577709618453618
15.227813999999999,34.506587750395425,18.480626993763597,0.6588617926278584
15.666616000000001,34.506587750395425,18.480626993763597,0.6588617926278584
31.653857000000002,34.51322090518088,18.48542367584212,0.659952623410355
10.943543,34.515063960832784,18.483048692888556,0.659952623410355
18.974064,34.52169187930438,18.487852607761255,0.6610434541928516
50.962662,34.53493197576567,18.497482113015643,0.6632251157578448
51.069224000000006,34.54815103241305,18.50714048074017,0.665406777322838
39.881619,34.56134898632849,18.516827664964428,0.6675884388878313
12.877866,34.56321012300572,18.514466824344137,0.6675884388878313
16.520835,34.56980116680453,18.519321208240406,0.6686792696703279
17.561617000000002,34.56980116680453,18.519321208240406,0.6686792696703279
42.019690999999995,34.576386911371635,18.52418277896057,0.6697701004528245
4.772552,34.576386911371635,18.52418277896057,0.6697701004528245
37.672035,34.58483491672069,18.526695774451664,0.6708609312353211
10.967918000000001,34.58483491672069,18.526695774451664,0.6708609312353211
27.855316000000002,34.59141003932131,18.531571701456553,0.6719517620178177
15.707918000000001,34.59141003932131,18.531571701456553,0.6719517620178177
53.53662,34.59985254206428,18.534103121641117,0.6730425928003143
53.781776,34.60829227843383,18.536643749659646,0.6741334235828109
33.244327,34.61907682345428,18.541071411454432,0.6752242543653075
16.787345,34.61907682345428,18.541071411454432,0.6752242543653075
15.654898000000001,34.61907682345428,18.541071411454432,0.6752242543653075
15.929116,34.61907682345428,18.541071411454432,0.6752242543653075
18.449638,34.61907682345428,18.541071411454432,0.6752242543653075
29.002763,34.627510996952644,18.543630446060565,0.6763150851478041
15.40297,34.627510996952644,18.543630446060565,0.6763150851478041
16.475469999999998,34.63405942783132,18.548542162094453,0.6774059159303008
17.181564,34.63405942783132,18.548542162094453,0.6774059159303008
18.402189,34.63405942783132,18.548542162094453,0.6774059159303008
16.186825,34.6359436519447,18.546199706618616,0.6774059159303008
22.068232000000002,34.64248672107736,18.551118562958813,0.6784967467127974
23.650107,34.64248672107736,18.551118562958813,0.6784967467127974
19.935627,34.64248672107736,18.551118562958813,0.6784967467127974
13.024533,34.64248672107736,18.551118562958813,0.6784967467127974
16.882293,34.644373499291746,18.548778164245892,0.6784967467127974
24.811252999999997,34.65091119889272,18.55370415503939,0.679587577495294
16.704846,34.65091119889272,18.55370415503939,0.679587577495294
16.759846,34.65091119889272,18.55370415503939,0.679587577495294
16.000627,34.65091119889272,18.55370415503939,0.679587577495294
54.30912,34.66167143447618,18.558190571254542,0.6806784082777906
54.309172000000004,34.66167143447618,18.558190571254542,0.6806784082777906
35.446046,34.66356331415424,18.5558542944196,0.6806784082777906
18.352345999999997,34.665455193832294,18.553518017584658,0.6806784082777906
17.535939,34.665455193832294,18.553518017584658,0.6806784082777906
18.037398,34.67198213103845,18.5584582596918,0.6817692390602872
17.714428,34.673876558073104,18.55612404796702,0.6817692390602872
15.761668,34.673876558073104,18.55612404796702,0.6817692390602872
15.496877,34.673876558073104,18.55612404796702,0.6817692390602872
20.915627,34.680398102428924,18.561071406917545,0.6828600698427838
21.763752,34.680398102428924,18.561071406917545,0.6828600698427838
16.431617,34.68229507456598,18.558739263080433,0.6828600698427838
20.41646,34.68229507456598,18.558739263080433,0.6828600698427838
22.546356,34.68419204670303,18.55640711924332,0.6828600698427838
16.752137,34.68419204670303,18.55640711924332,0.6828600698427838
20.592294,34.686089018840086,18.55407497540621,0.6828600698427838
15.219793000000001,34.686089018840086,18.55407497540621,0.6828600698427838
17.423596,34.69260516258551,18.559029445313197,0.6839509006252804
16.061823999999998,34.69683475074212,18.558598887121015,0.6839509006252804
15.54448,34.69683475074212,18.558598887121015,0.6839509006252804
15.073438999999999,34.69683475074212,18.558598887121015,0.6839509006252804
16.475835,34.69873426572434,18.556268813946616,0.6839509006252804
16.750314,34.70106433889874,18.558168328928836,0.6839509006252804
16.299012,34.70296385388096,18.555838255754438,0.6839509006252804
18.757970999999998,34.70296385388096,18.555838255754438,0.6839509006252804
22.83594,34.70106433889874,18.558168328928836,0.6839509006252804
18.093908,34.70296385388096,18.555838255754438,0.6839509006252804
18.193596,34.70296385388096,18.555838255754438,0.6839509006252804
47.516932,34.758331669609454,18.557989852715725,0.685041731407777
47.517036,34.758331669609454,18.557989852715725,0.685041731407777
35.617816,34.77805636958227,18.558918414702134,0.6839509006252804
9.198125999999998,34.78737666227987,18.56651647463102,0.6839509006252804
18.207138,34.792036808628666,18.57031550459546,0.6839509006252804
22.272762,34.79251399109396,18.571055765932073,0.6828600698427838
21.562293999999998,34.79678338032271,18.567129150278436,0.6817692390602872
18.762398,34.79871323922756,18.56130472623661,0.6806784082777906
26.024742,34.802974051756266,18.55736880557263,0.679587577495294
21.072659,34.809540060156834,18.55880912654807,0.679587577495294
23.245262999999998,34.81376772939227,18.558360117453223,0.679587577495294
17.452398000000002,34.8179953986277,18.557911108358375,0.679587577495294
23.66969,34.8179953986277,18.557911108358375,0.679587577495294
15.053126,34.822223067863135,18.557462099263528,0.679587577495294
19.718231,34.82645073709856,18.557013090168677,0.679587577495294
17.744742000000002,34.83535508466428,18.560342741214413,0.679587577495294
16.968647999999998,34.84381042313514,18.559444723024715,0.679587577495294
15.807605999999998,34.85271477070086,18.56277437407045,0.679587577495294
22.924846,34.87007445673743,18.565206006926484,0.679587577495294
19.675732,34.88977248193914,18.569526969852813,0.679587577495294
19.186252,34.89636836768128,18.56747445803554,0.6784967467127974
17.489273,34.911843917674666,18.57222755168164,0.6784967467127974
23.189638,34.935773821522666,18.576073404330668,0.6784967467127974
22.1837,34.95361867505499,18.57921427681763,0.6774059159303008
36.402868,34.95834684805684,18.575998977310636,0.6752242543653075
12.575158,34.982289209270725,18.579766499079227,0.6752242543653075
33.813337,34.98701035633057,18.57654089195895,0.6730425928003143
33.077556,34.99498639670216,18.56786919904743,0.6719517620178177
22.378909,35.00904889175757,18.559848551964883,0.6719517620178177
21.00396,35.01466175036963,18.549298027234066,0.6708609312353211
23.320732,35.0183955289573,18.54109714237072,0.6697701004528245
18.064376,35.026351151989694,18.5358931012656,0.6697701004528245
25.188597,35.02585319350535,18.528180943420203,0.6686792696703279
18.208855999999997,35.031939424230345,18.5253270362054,0.6686792696703279
18.631616,35.04038446398627,18.52433683983764,0.6686792696703279
20.611252,35.044606983864234,18.52384174165376,0.6686792696703279
24.817815,35.04037576512503,18.520849781704303,0.6675884388878313
18.519897,35.042236901802255,18.518488941084012,0.6675884388878313
17.394116,35.042236901802255,18.518488941084012,0.6675884388878313
15.835522000000001,35.042236901802255,18.518488941084012,0.6675884388878313
16.775313999999998,35.042236901802255,18.518488941084012,0.6675884388878313
15.060678,35.04409803847948,18.51612810046372,0.6675884388878313
15.870314,35.04409803847948,18.51612810046372,0.6675884388878313
20.494065,35.04595917515671,18.51376725984343,0.6675884388878313
22.027659,35.04595917515671,18.51376725984343,0.6675884388878313
18.493856,35.04595917515671,18.51376725984343,0.6675884388878313
15.041148000000002,35.052550218955524,18.5186216437397,0.6686792696703279
18.400158,35.052550218955524,18.5186216437397,0.6686792696703279
13.84698,35.052550218955524,18.5186216437397,0.6686792696703279
18.150158,35.052550218955524,18.5186216437397,0.6686792696703279
17.490835,35.052550218955524,18.5186216437397,0.6686792696703279
18.59422,35.052550218955524,18.5186216437397,0.6686792696703279
16.863908000000002,35.052550218955524,18.5186216437397,0.6686792696703279
17.815158,35.054413929802564,18.51626283470878,0.6686792696703279
17.915314000000002,35.054413929802564,18.51626283470878,0.6686792696703279
16.452293,35.054413929802564,18.51626283470878,0.6686792696703279
19.01245,35.054413929802564,18.51626283470878,0.6686792696703279
19.541825,35.054413929802564,18.51626283470878,0.6686792696703279
17.659169,35.054413929802564,18.51626283470878,0.6686792696703279
16.792241,35.054413929802564,18.51626283470878,0.6686792696703279
15.330679,35.054413929802564,18.51626283470878,0.6686792696703279
19.271564,35.054413929802564,18.51626283470878,0.6686792696703279
19.875263,35.054413929802564,18.51626283470878,0.6686792696703279
14.950574,35.054413929802564,18.51626283470878,0.6686792696703279
16.299063999999998,35.054413929802564,18.51626283470878,0.6686792696703279
16.979898,35.054413929802564,18.51626283470878,0.6686792696703279
19.641303999999998,35.054413929802564,18.51626283470878,0.6686792696703279
57.868079,35.06099967436967,18.521124405428942,0.6697701004528245
21.711043999999998,35.06099967436967,18.521124405428942,0.6697701004528245
11.956876,35.06099967436967,18.521124405428942,0.6697701004528245
16.541147,35.06099967436967,18.521124405428942,0.6697701004528245
17.719689,35.06099967436967,18.521124405428942,0.6697701004528245
16.434533000000002,35.062865957168874,18.518767630794166,0.6697701004528245
14.760158,35.062865957168874,18.518767630794166,0.6697701004528245
15.698023,35.062865957168874,18.518767630794166,0.6697701004528245
14.840626,35.06846480556649,18.51169730688984,0.6697701004528245
15.982033,35.07406365396411,18.504626982985513,0.6697701004528245
17.699169,35.08251165931316,18.507139978476612,0.6708609312353211
20.071669,35.08251165931316,18.507139978476612,0.6708609312353211
20.628804000000002,35.0806428067825,18.50949471591089,0.6708609312353211
17.207449999999998,35.069839045165324,18.50511415256967,0.6697701004528245
21.33495,35.06797276236612,18.507470927204448,0.6697701004528245
17.38422,35.069839045165324,18.50511415256967,0.6697701004528245
16.733856,35.07406210259931,18.504623660734104,0.6697701004528245
15.799793999999999,35.07406210259931,18.504623660734104,0.6697701004528245
16.857189,35.07406210259931,18.504623660734104,0.6697701004528245
21.092346000000003,35.07406210259931,18.504623660734104,0.6697701004528245
17.821877,35.07406210259931,18.504623660734104,0.6697701004528245
17.172762000000002,35.07406210259931,18.504623660734104,0.6697701004528245
17.380887,35.07406210259931,18.504623660734104,0.6697701004528245
15.833491000000002,35.07406210259931,18.504623660734104,0.6697701004528245
16.782605999999998,35.07406210259931,18.504623660734104,0.6697701004528245
19.100731,35.07406210259931,18.504623660734104,0.6697701004528245
17.452971,35.07406210259931,18.504623660734104,0.6697701004528245
17.655158,35.07406210259931,18.504623660734104,0.6697701004528245
15.254273000000001,35.07406210259931,18.504623660734104,0.6697701004528245
21.273909,35.07406210259931,18.504623660734104,0.6697701004528245
16.276252000000003,35.07406210259931,18.504623660734104,0.6697701004528245
15.972606,35.07406210259931,18.504623660734104,0.6697701004528245
17.178387,35.07406210259931,18.504623660734104,0.6697701004528245
18.426043999999997,35.07406210259931,18.504623660734104,0.6697701004528245
18.459533,35.08064254009824,18.509492412493323,0.6708609312353211
18.858856,35.08064254009824,18.509492412493323,0.6708609312353211
19.732606,35.08064254009824,18.509492412493323,0.6708609312353211
17.975211,35.08064254009824,18.509492412493323,0.6708609312353211
18.498542999999998,35.08064254009824,18.509492412493323,0.6708609312353211
14.789012000000001,35.08064254009824,18.509492412493323,0.6708609312353211
17.837605999999997,35.08064254009824,18.509492412493323,0.6708609312353211
16.775261999999998,35.08064254009824,18.509492412493323,0.6708609312353211
16.980679,35.08064254009824,18.509492412493323,0.6708609312353211
14.657345000000001,35.08064254009824,18.509492412493323,0.6708609312353211
17.721563999999997,35.08064254009824,18.509492412493323,0.6708609312353211
17.637762000000002,35.08064254009824,18.509492412493323,0.6708609312353211
17.051096,35.08064254009824,18.509492412493323,0.6708609312353211
23.667970999999998,35.08064254009824,18.509492412493323,0.6708609312353211
16.663023,35.08064254009824,18.509492412493323,0.6708609312353211
15.909949999999998,35.08064254009824,18.509492412493323,0.6708609312353211
15.516356,35.08064254009824,18.509492412493323,0.6708609312353211
18.970158,35.08064254009824,18.509492412493323,0.6708609312353211
16.73245,35.0825113926289,18.507137675059045,0.6708609312353211
17.721772,35.0825113926289,18.507137675059045,0.6708609312353211
18.717709999999997,35.0825113926289,18.507137675059045,0.6708609312353211
31.419951,35.089086515229525,18.512013602063934,0.6719517620178177
9.309949,35.089086515229525,18.512013602063934,0.6719517620178177
15.691408000000001,35.089086515229525,18.512013602063934,0.6719517620178177
15.488231,35.089086515229525,18.512013602063934,0.6719517620178177
22.111981,35.089086515229525,18.512013602063934,0.6719517620178177
16.48896,35.089086515229525,18.512013602063934,0.6719517620178177
21.688178999999998,35.089086515229525,18.512013602063934,0.6719517620178177
17.980836,35.089086515229525,18.512013602063934,0.6719517620178177
16.631981,35.089086515229525,18.512013602063934,0.6719517620178177
16.777762000000003,35.089086515229525,18.512013602063934,0.6719517620178177
17.133283,35.089086515229525,18.512013602063934,0.6719517620178177
21.711043999999998,35.089086515229525,18.512013602063934,0.6719517620178177
16.653543,35.089086515229525,18.512013602063934,0.6719517620178177
16.682866,35.089086515229525,18.512013602063934,0.6719517620178177
19.760523,35.089086515229525,18.512013602063934,0.6719517620178177
16.478387,35.089086515229525,18.512013602063934,0.6719517620178177
19.954585,35.089086515229525,18.512013602063934,0.6719517620178177
13.627085000000001,35.089086515229525,18.512013602063934,0.6719517620178177
15.822866000000001,35.089086515229525,18.512013602063934,0.6719517620178177
16.642606,35.089086515229525,18.512013602063934,0.6719517620178177
22.787605999999997,35.089086515229525,18.512013602063934,0.6719517620178177
21.846096,35.089086515229525,18.512013602063934,0.6719517620178177
15.744325,35.089086515229525,18.512013602063934,0.6719517620178177
62.460214,35.09565631510803,18.51689669851257,0.6741334235828109
62.53755799999999,35.10222078444693,18.521786958594504,0.6741334235828109
30.882243,35.10222078444693,18.521786958594504,0.6741334235828109
18.081304,35.10222078444693,18.521786958594504,0.6741334235828109
17.708961,35.10222078444693,18.521786958594504,0.6741334235828109
14.473387,35.10222078444693,18.521786958594504,0.6741334235828109
15.904637,35.10222078444693,18.521786958594504,0.6741334235828109
14.384012,35.10222078444693,18.521786958594504,0.6741334235828109
15.712762000000001,35.10222078444693,18.521786958594504,0.6741334235828109
16.890158,35.10222078444693,18.521786958594504,0.6741334235828109
19.753752,35.10222078444693,18.521786958594504,0.6741334235828109
17.776981,35.10222078444693,18.521786958594504,0.6741334235828109
17.645522,35.10222078444693,18.521786958594504,0.6741334235828109
16.095315,35.10222078444693,18.521786958594504,0.6741334235828109
24.723961,35.10222078444693,18.521786958594504,0.6741334235828109
20.889481,35.10222078444693,18.521786958594504,0.6741334235828109
14.705574,35.10222078444693,18.521786958594504,0.6741334235828109
16.700158,35.10222078444693,18.521786958594504,0.6741334235828109
17.810001999999997,35.10409733281711,18.51943834956359,0.6741334235828109
16.624897,35.10409733281711,18.51943834956359,0.6741334235828109
20.664585,35.10409733281711,18.51943834956359,0.6741334235828109
16.036772000000003,35.10409733281711,18.51943834956359,0.6741334235828109
17.551356000000002,35.10409733281711,18.51943834956359,0.6741334235828109
17.240783,35.10409733281711,18.51943834956359,0.6741334235828109
17.473283,35.10409733281711,18.51943834956359,0.6741334235828109
16.484741,35.10409733281711,18.51943834956359,0.6741334235828109
16.689845,35.10409733281711,18.51943834956359,0.6741334235828109
16.841981,35.10409733281711,18.51943834956359,0.6741334235828109
17.557867,35.10409733281711,18.51943834956359,0.6741334235828109
21.739221,35.10409733281711,18.51943834956359,0.6741334235828109
21.869689,35.10409733281711,18.51943834956359,0.6741334235828109
15.700992000000001,35.10409733281711,18.51943834956359,0.6741334235828109
20.613960000000002,35.10409733281711,18.51943834956359,0.6741334235828109
21.717762,35.10409733281711,18.51943834956359,0.6741334235828109
15.675887,35.10409733281711,18.51943834956359,0.6741334235828109
15.825887,35.10409733281711,18.51943834956359,0.6741334235828109
17.631511999999997,35.10409733281711,18.51943834956359,0.6741334235828109
17.7287,35.10409733281711,18.51943834956359,0.6741334235828109
21.742815,35.10409733281711,18.51943834956359,0.6741334235828109
15.634065,35.10409733281711,18.51943834956359,0.6741334235828109
16.921356,35.10409733281711,18.51943834956359,0.6741334235828109
16.167188999999997,35.10409733281711,18.51943834956359,0.6741334235828109
20.218492,35.10409733281711,18.51943834956359,0.6741334235828109
16.896929,35.10409733281711,18.51943834956359,0.6741334235828109
21.775679999999998,35.10409733281711,18.51943834956359,0.6741334235828109
16.700731,35.10409733281711,18.51943834956359,0.6741334235828109
16.686565,35.10409733281711,18.51943834956359,0.6741334235828109
17.383803999999998,35.10409733281711,18.51943834956359,0.6741334235828109
16.706825000000002,35.10409733281711,18.51943834956359,0.6741334235828109
15.804950000000002,35.10409733281711,18.51943834956359,0.6741334235828109
17.51896,35.10409733281711,18.51943834956359,0.6741334235828109
21.104689,35.10409733281711,18.51943834956359,0.6741334235828109
19.915836,35.10409733281711,18.51943834956359,0.6741334235828109
17.255522,35.10409733281711,18.51943834956359,0.6741334235828109
18.979013,35.10409733281711,18.51943834956359,0.6741334235828109
17.521252,35.10409733281711,18.51943834956359,0.6741334235828109
19.219742,35.10409733281711,18.51943834956359,0.6741334235828109
16.423335,35.10409733281711,18.51943834956359,0.6741334235828109
16.54094,35.10409733281711,18.51943834956359,0.6741334235828109
15.848543,35.10409733281711,18.51943834956359,0.6741334235828109
15.622397,35.10409733281711,18.51943834956359,0.6741334235828109
16.79521,35.10409733281711,18.51943834956359,0.6741334235828109
16.857033,35.10409733281711,18.51943834956359,0.6741334235828109
15.800783,35.10409733281711,18.51943834956359,0.6741334235828109
15.76396,35.10409733281711,18.51943834956359,0.6741334235828109
18.770730999999998,35.10409733281711,18.51943834956359,0.6741334235828109
16.861408,35.10409733281711,18.51943834956359,0.6741334235828109
16.686304,35.10409733281711,18.51943834956359,0.6741334235828109
15.827918,35.10409733281711,18.51943834956359,0.6741334235828109
16.737971,35.10409733281711,18.51943834956359,0.6741334235828109
15.853283,35.10409733281711,18.51943834956359,0.6741334235828109
18.201355999999997,35.10409733281711,18.51943834956359,0.6741334235828109
16.479064,35.10409733281711,18.51943834956359,0.6741334235828109
15.730158000000001,35.10409733281711,18.51943834956359,0.6741334235828109
17.756773,35.10409733281711,18.51943834956359,0.6741334235828109
22.175575,35.10409733281711,18.51943834956359,0.6741334235828109
16.399481,35.10409733281711,18.51943834956359,0.6741334235828109
17.683908000000002,35.10409733281711,18.51943834956359,0.6741334235828109
16.856668000000003,35.10409733281711,18.51943834956359,0.6741334235828109
17.465939,35.10409733281711,18.51943834956359,0.6741334235828109
16.241721000000002,35.10409733281711,18.51943834956359,0.6741334235828109
17.543127,35.11065646380527,18.52433576745984,0.6752242543653075
14.992814000000001,35.11065646380527,18.52433576745984,0.6752242543653075
16.788908000000003,35.11065646380527,18.52433576745984,0.6752242543653075
15.804324000000001,35.11065646380527,18.52433576745984,0.6752242543653075
17.273283,35.11065646380527,18.52433576745984,0.6752242543653075
17.013231,35.11253557299351,18.521989206822564,0.6752242543653075
16.923752,35.11253557299351,18.521989206822564,0.6752242543653075
16.615158,35.11253557299351,18.521989206822564,0.6752242543653075
14.839377,35.11253557299351,18.521989206822564,0.6752242543653075
17.870053,35.11253557299351,18.521989206822564,0.6752242543653075
15.789481,35.11253557299351,18.521989206822564,0.6752242543653075
16.25745,35.11253557299351,18.521989206822564,0.6752242543653075
22.199012,35.11253557299351,18.521989206822564,0.6752242543653075
22.646148,35.11253557299351,18.521989206822564,0.6752242543653075
15.833803,35.11253557299351,18.521989206822564,0.6752242543653075
16.915263,35.11253557299351,18.521989206822564,0.6752242543653075
20.888804,35.11253557299351,18.521989206822564,0.6752242543653075
21.521565,35.11253557299351,18.521989206822564,0.6752242543653075
15.913699,35.11253557299351,18.521989206822564,0.6752242543653075
15.795001999999998,35.11253557299351,18.521989206822564,0.6752242543653075
17.247501,35.11253557299351,18.521989206822564,0.6752242543653075
21.443544,35.11253557299351,18.521989206822564,0.6752242543653075
15.69771,35.11253557299351,18.521989206822564,0.6752242543653075
15.906512000000001,35.11253557299351,18.521989206822564,0.6752242543653075
15.673439,35.11253557299351,18.521989206822564,0.6752242543653075
15.734428000000001,35.11253557299351,18.521989206822564,0.6752242543653075
15.761824,35.11253557299351,18.521989206822564,0.6752242543653075
17.750575,35.114414682181746,18.51964264618529,0.6752242543653075
16.455627,35.11348903808984,18.507702473088404,0.6741334235828109
15.933646999999999,35.12192599804341,18.510252305917774,0.6752242543653075
26.840732,35.12380510723165,18.5079057452805,0.6752242543653075
15.734063999999998,35.12380510723165,18.5079057452805,0.6752242543653075
19.607397,35.12944243479637,18.500866063368676,0.6752242543653075
57.309433,35.153925558010165,18.438867651803836,0.6774059159303008
57.309485,35.153925558010165,18.438867651803836,0.6774059159303008
49.463910999999996,35.20046773189825,18.335193089513606,0.6839509006252795
26.252503,35.270440892844235,18.260773940863764,0.6948592084502438
28.291200999999997,35.3445361187128,18.07590142037361,0.7057675162752082
26.663752,35.358529132347506,17.82689125426317,0.7155849933176759
30.612347000000003,35.429168756810746,17.554427234926997,0.733038285837619
31.244273999999997,35.502517271852106,17.361216209931193,0.7548549014875476
29.059535,35.593084473087,17.153852959633504,0.774489855572484
37.165264,35.673811300045784,16.89814173948069,0.7897614865274347
17.628491,35.64544273683306,16.579156443571936,0.7897614865274347
48.124224,35.74910667349898,16.24262761660351,0.8104872713948676
36.372712,35.80989759775262,16.08316508788322,0.8126689329598609
0.20036500000000002,35.80989759775262,16.08316508788322,0.8126689329598609
68.181569,35.84653113091872,15.909904703489515,0.7973973020049101
0.136771,35.84653113091872,15.909904703489515,0.7973973020049101
53.003234000000006,35.732773798430934,15.762619773060011,0.7635815477475196
56.202923,35.821031251131565,15.851914982647097,0.7450374244450799
56.195527000000006,35.821031251131565,15.851914982647097,0.7450374244450799
47.836932,35.67547894885116,15.832005977062698,0.6970408700152362
6.618334,35.702280622604036,15.893653112980855,0.6970408700152362
56.499641000000004,35.63398047458465,15.88826381939811,0.6839509006252786
26.243128000000002,35.62962865578443,15.904456111914984,0.682860069842782
18.756252,35.6436215188071,15.915837944737305,0.682860069842782
15.506981,35.67209779070645,15.930591417215314,0.6850417314077752
22.61896,35.68140978966287,15.938199639483848,0.6850417314077752
20.848803999999998,35.694472357584,15.944648001575382,0.6861325621902719
18.347502000000002,35.69954553429632,15.952687706775386,0.6861325621902719
16.892658,35.69996686394124,15.956918224197846,0.6861325621902719
14.811720000000001,35.704618711008635,15.960727411975384,0.6861325621902719
21.905575,35.707365964187254,15.966862523286613,0.6861325621902719
17.553752,35.71201781125465,15.970671711064151,0.6861325621902719
18.546877,35.71624832867711,15.970250381419223,0.6861325621902719
16.788595,35.71624832867711,15.970250381419223,0.6861325621902719
16.941304000000002,35.713922405143414,15.968345787530454,0.6861325621902719
21.15495,35.709744047740394,15.965280438321827,0.6850417314077752
18.239741,35.707416048001285,15.963378382754692,0.6850417314077752
21.931565,35.707416048001285,15.963378382754692,0.6850417314077752
15.800783,35.707416048001285,15.963378382754692,0.6850417314077752
15.53672,35.709744047740394,15.965280438321827,0.6850417314077752
15.884012,35.709744047740394,15.965280438321827,0.6850417314077752
17.69797,35.709744047740394,15.965280438321827,0.6850417314077752
17.738283,35.709744047740394,15.965280438321827,0.6850417314077752
16.849012,35.709744047740394,15.965280438321827,0.6850417314077752
17.621616,35.709744047740394,15.965280438321827,0.6850417314077752
18.84646,35.709744047740394,15.965280438321827,0.6850417314077752
21.587815,35.709744047740394,15.965280438321827,0.6850417314077752
16.515679,35.709744047740394,15.965280438321827,0.6850417314077752
16.831981,35.709744047740394,15.965280438321827,0.6850417314077752
17.421252000000003,35.709744047740394,15.965280438321827,0.6850417314077752
20.670419,35.709744047740394,15.965280438321827,0.6850417314077752
15.908491,35.709744047740394,15.965280438321827,0.6850417314077752
15.682606000000002,35.709744047740394,15.965280438321827,0.6850417314077752
14.92573,35.70318599269505,15.963804326926663,0.6850417314077752
16.605158,35.70694071314761,15.962639389351471,0.6861325621902719
16.837761999999998,35.727200665476005,15.955571713160934,0.6872233929727685
32.490263999999996,35.76571624461931,15.95084412076456,0.691586716102754
50.132401,35.82427585539968,15.955118085872359,0.6959500392327396
50.132349,35.82427585539968,15.955118085872359,0.6959500392327396
64.69271499999999,35.933551963759456,15.886117633901538,0.7079491778402005
12.443126000000001,35.933551963759456,15.886117633901538,0.7079491778402005
27.034065,36.0038575296112,15.788672301205862,0.7177666548826682
30.816774000000002,36.07566503353777,15.759188793289033,0.7319474550551224
28.745106999999997,36.118808292892865,15.706087872423362,0.7406741013150944
28.983753,36.13720898623926,15.617443061830945,0.7504915783575621
45.720473,36.069603902749485,15.335118868621558,0.7613998861825264
45.698181999999996,36.069603902749485,15.335118868621558,0.7613998861825264
50.395161,36.056573779865964,15.158567523701569,0.7853981633974483
26.699065,35.9997416480224,15.041178272922604,0.7973973020049092
22.003752000000002,35.81769924847276,14.798769802126804,0.7973973020049092
26.540315,35.72480924738339,14.673202085796841,0.8072147790473769
25.782242,35.626838398167294,14.544433123199592,0.8170322560898446
27.799534,35.49413488241969,14.377687037910125,0.8235772407848234
51.911724,35.175502689307265,13.968985163273118,0.862847148954696
51.843026,35.33281251077049,14.174900232964228,0.862847148954696
66.97849599999999,35.055577288396165,13.783453498306399,0.8781187799096468
0.03724,35.055577288396165,13.783453498306399,0.8781187799096468
47.043651,34.97971010651778,13.66631114103942,0.8824821030396324
24.941304000000002,34.96685922773708,13.640768926010063,0.883572933822129
14.334427999999999,34.95708330653862,13.609901960627202,0.883572933822129
21.948804,34.95142825940256,13.584506126826827,0.8824821030396324
43.577504000000005,34.98307572155713,13.568728365892452,0.8759371183446536
43.577400000000004,34.98307572155713,13.568728365892452,0.8759371183446536
41.244588,34.980082536916434,13.553358127018939,0.8584838258247105
38.561775,35.01126610976219,13.585587841458212,0.8432121948697597
24.517242000000003,35.06722635365542,13.703068436983278,0.8257589023498166
28.923648999999997,35.15894467502116,13.912803559868397,0.8072147790473769
20.615627,35.32228443449075,14.222544647373908,0.8072147790473769
35.679743,35.2964895989104,14.33444316729042,0.7668540400950077
28.728076,35.37142204044285,14.548474541655262,0.7472190860100714
30.813753,35.49270380141388,14.77454300255587,0.7297657934901283
40.665003999999996,35.80584664899579,15.715709759091165,0.6970408700152353
40.710994,36.126689570894825,15.715709759091165,0.6970408700152353
72.727299,36.44680607094446,16.09757264779173,0.67413342358281
21.869065,36.37430502050857,16.044174742628098,0.6621342849753491
19.527606,36.68904469673898,16.354322971023908,0.6621342849753491
32.789431,36.75293960225898,16.441994497587814,0.6479534848028949
29.791566,36.82286522001269,16.525359569024143,0.6468626540203983
29.867243000000002,36.879750774454486,16.59469439478546,0.6468626540203983
36.484067,36.92901305600492,16.646382547029912,0.6490443155853916
6.2130730000000005,36.931902588033346,16.667442473737843,0.6490443155853916
23.976252,36.86582220071065,16.673534558614346,0.6501351463678882
16.860419,36.807978525691055,16.67299735632253,0.6555893002803703
16.93719,36.7064539354818,16.642984518214874,0.6588617926278602
31.554118,36.487156525902826,16.563256234652524,0.6697701004528245
33.242659,36.353187125828185,16.64345777119497,0.7068583470577039
14.706825,35.959826145380624,16.576330319719695,0.7068583470577039
33.520993,35.65924547348978,16.571678570264098,0.7417649320975901
21.362606,35.4557247525737,16.54371013842644,0.7788531787024695
26.543388,35.14977491806653,16.40478019706523,0.803942286699888
34.484951,35.06446189246518,16.45503382639503,0.8726646259971647
27.718701,34.82583479873425,16.355762261491055,0.9173886880795195
54.715734000000005,33.80813683406566,16.068826412060634,0.9632035809443709
18.791512,34.14163686546291,16.55458665885373,1.0417433972841152
27.649013,33.456400975182966,16.055969505766527,1.074468320759009
16.974949,32.83403191678236,15.740030107670245,1.074468320759009
32.996565,32.40528613309482,15.683537392011974,1.1268281983188393
36.360420999999995,32.28976246066896,15.948861308156584,1.2326387842209954
28.526618,31.973771919489995,15.872775381598716,1.2882711541283145
17.82021,31.406905735766056,15.408134806839778,1.2882711541283145
29.828389,31.094798348547453,15.369693589789833,1.3449943548181302
35.25042,30.855538162784494,15.61773026123863,1.4420782944603143
33.169378,30.419847095865055,15.607484757317613,1.5031648182801156
32.50542,30.098298221128427,15.671569307410563,1.5806138038373643
28.936826,29.691861540370027,15.571420177677195,1.6362461737446843
30.580264,29.269305519529627,15.60517823143776,1.684242728174528
28.766566,28.921736755386693,15.652518998609066,1.7267851286918905
30.87068,28.47930086914244,15.734162376537464,1.7584192213842869
30.605991999999997,28.063177863607468,15.709123642378586,1.7780541754692223
48.036255,26.637724578418762,15.998190848649012,1.7955074679891645
48.038443,26.637724578418762,15.998190848649012,1.7955074679891645
39.372452,26.157795028858025,16.19310038839736,1.7900533140766832
37.81516,25.92165829235858,16.230702608448194,1.761691713731775
31.442035,25.673438748131108,16.355337467284993,1.7398750980818463
27.03219,25.445919314161426,16.44544585334429,1.7147859900844278
32.607606999999994,25.280902134491562,16.52189772848828,1.6896968820870093
31.895680000000002,25.122370110583553,16.57524432498495,1.658062789394612
26.587451,24.999533858800675,16.693295637516012,1.6373370045271791
21.08297,24.904952931338464,16.89186965530677,1.6373370045271791
31.506200999999997,24.844002515153583,16.839495526843905,1.611157065747264
21.715419,24.80383295509718,16.94016838346539,1.611157065747264
27.740159000000002,24.780352129440146,16.954200672091126,1.6035212502697886
49.986463,24.7884706268564,16.956966706735702,1.6002487579222988
49.986255,24.7884706268564,16.956966706735702,1.6002487579222988
21.668857,24.78860790826947,16.970333365961018,1.602430419487292
19.011252,24.77058923195115,16.97793880180355,1.6035212502697886
15.338908,24.740049576567262,16.9838091611158,1.602430419487292
25.296096000000002,24.67272147369234,16.946571984817744,1.59370377322732
40.531098,24.44911833859038,16.74104970227054,1.5686146652299016
40.545785,24.44911833859038,16.74104970227054,1.5686146652299016
35.652815999999994,24.194116468379683,16.539638058840417,1.5457072187974763
23.135783,24.002319395683354,16.366837657831596,1.5249814339300434
53.764172,23.50620027422986,15.709287461686433,1.449714109937788
0.126771,22.962040462311275,15.090905264162071,1.3744467859455325
42.666203,22.465477729577085,14.410969675904468,1.284998661780823
22.447398,22.183186527797417,14.377985707023774,1.284998661780823
34.761618,21.702683701797312,13.794793010431066,1.2064588454410776
22.831773,21.44769202276677,13.750471020069556,1.2064588454410776
26.251669,21.059484559849853,13.342795075948851,1.1573714602287373
31.675836,20.49860384921002,12.725607533740847,1.0766499823239997
22.760888,20.202940518330543,12.601467648518673,1.0766499823239997
32.785004,19.547777471292783,11.826561364975978,0.969748565639347
37.509586999999996,19.10274563611814,11.378326287956948,0.9173886880795168
19.242658,18.892211823386276,11.187402799349819,0.9173886880795168
31.301253000000003,18.082465307124536,10.329526341127645,0.8083056098298718
22.211356000000002,17.900027664491198,10.125476010708102,0.8083056098298718
45.151099,16.063209680937355,8.307206726961672,0.6250460383704661
45.070108999999995,17.02329974593192,9.174235094728862,0.716675824100169
58.054016,14.86929738055051,7.459696860629999,0.49414634447089156
19.240679,14.618298221672921,7.222035624009659,0.49414634447089156
49.495317,13.176768720973984,6.348344722282678,0.3796091123087635
14.781094999999999,13.176768720973984,6.348344722282678,0.3796091123087635
29.355628000000003,11.932169791158914,5.835065075241222,0.266162710929132
24.800627,11.624190223392654,5.604650679398482,0.266162710929132
34.138857,10.501158579879892,5.1044910930045635,0.1581704634619827
20.320836,10.122091998964631,4.751783078040751,0.1581704634619827
28.566253,9.417513107264426,4.390818250465531,0.1036289243371602
42.736515000000004,8.376633859199682,4.0245442545163845,0.013089969389953993
18.679065,8.07079667846745,3.7319181491917974,0.013089969389953993
47.599796,6.553240602800214,3.2488368760720396,6.186101367537399
22.686669,6.124948132171614,3.3176521568372292,6.128287336065085
29.73693,5.091460198174987,3.0749955014183925,6.086835766330221
35.612399,4.336082683717602,2.96044999618854,6.044293365812859
24.234378,3.5658464670740986,2.8819988470054394,6.014840934685456
54.046516000000004,0.4149131740733416,2.4574511890072737,5.99738764216551
54.010577999999995,0.4149131740733416,2.4574511890072737,5.99738764216551
75.007143,-1.489493847456911,2.383740657921695,6.0159317654679505
13.01771,-1.489493847456911,2.383740657921695,6.0159317654679505
52.665734,-4.018867541603785,1.6384068526648863,6.140286474672546
52.604589,-4.018867541603785,1.6384068526648863,6.140286474672546
48.179848,-4.434278069046125,1.4017868281794041,6.205736321622334
24.486252,-4.606821386498825,1.3194517004650628,6.239552075879725
29.03969,-4.875725260879737,1.1999834210914881,6.267913676224634
33.82865,-4.99310420137463,1.0490633949122186,0.011999138607459159
26.794117,-4.947624562996362,0.9241223954678643,0.03490658503988442
33.43766,-4.8823635726089085,0.8166748876563977,0.04145156973486319
16.737345,-4.75960168343292,0.7585814437732387,0.04145156973486319
44.789953,-4.2991325413241634,0.6186231231804138,0.023998277214919206
44.835161,-3.8392740864684294,0.6186231231804138,0.023998277214919206
57.855422,-3.246935235928644,0.5234024764436306,6.28100364561459
35.194639,-2.462775908809664,0.4455049874509159,6.252642045269681
35.197816,-2.462775908809664,0.4455049874509159,6.252642045269681
46.545161,-2.260761593958361,0.41965043889216846,6.223189614142278
46.207868999999995,-1.5909370908644616,0.37866775414645343,6.205736321622332
46.274431,-0.9214957294884348,0.33184138259186513,6.205736321622332
53.058131,-0.5317278390560707,0.3050276852661184,6.198100506144858
27.286514,-0.20822988184258778,0.2774363119073281,6.198100506144858
